DistrictID,ProvinceName,DistrictName,Revenue,Population,PopulationDensity,EstimatedMerchants,RevenueAlcohol&Beverages
68,An Giang,Huyện An Phú,28020428,148615,657,572,10311518
73,An Giang,Huyện Châu Phú,27174054,206676,459,864,10000052
75,An Giang,Huyện Châu Thành,26595692,151368,427,644,9787215
74,An Giang,Huyện Chợ Mới,27270058,307981,834,1127,10035381
70,An Giang,Huyện Phú Tân,26724891,188951,603,742,9834760
76,An Giang,Huyện Thoại Sơn,27697288,163427,347,733,10192602
72,An Giang,Huyện Tri Tôn,26618107,117431,196,617,9795464
66,An Giang,Thành phố Châu Đốc,48691790,101765,967,362,17918579
67,An Giang,Thành phố Long Xuyên,47356474,272365,236,1356,17427182
69,An Giang,Thị xã Tân Châu,32981654,141211,801,521,12137249
71,An Giang,Thị xã Tịnh Biên,33824917,143098,306,663,12447569
83,Bà Rịa - Vũng Tàu,Huyện Châu Đức,27080414,143859,339,649,9965592
754,Bà Rịa - Vũng Tàu,Huyện Côn Đảo,27769009,8827,117,55,10218995
84,Bà Rịa - Vũng Tàu,Huyện Đất Đỏ,26541751,77367,408,333,9767364
80,Bà Rịa - Vũng Tàu,Huyện Long Điền,27945348,140485,1824,446,10283888
79,Bà Rịa - Vũng Tàu,Huyện Xuyên Mộc,27100628,140723,220,715,9973031
78,Bà Rịa - Vũng Tàu,Thành phố Bà Rịa,49802987,108701,1195,371,18327499
77,Bà Rịa - Vũng Tàu,Thành phố Vũng Tàu,49561023,357124,2374,1090,18238456
82,Bà Rịa - Vũng Tàu,Thị xã Phú Mỹ,33793473,179786,539,724,12435998
141,Bắc Giang,Huyện Hiệp Hòa,28086015,247460,1201,844,11093976
142,Bắc Giang,Huyện Lạng Giang,28101005,216996,889,784,11099897
139,Bắc Giang,Huyện Lục Nam,26871371,226194,372,997,10614192
138,Bắc Giang,Huyện Lục Ngạn,28021192,226540,219,1152,11068371
137,Bắc Giang,Huyện Sơn Động,27785700,76106,88,515,10975351
140,Bắc Giang,Huyện Tân Yên,27421397,177265,851,646,10831452
143,Bắc Giang,Huyện Việt Yên,27829866,229162,134,1352,10992797
144,Bắc Giang,Huyện Yên Dũng,27383272,176980,923,635,10816392
136,Bắc Giang,Huyện Yên Thế,27614559,101135,330,460,10907751
135,Bắc Giang,Thành phố Bắc Giang,48700324,346296,371,1526,19236628
132,Bắc Kạn,Huyện Ba Bể,26956490,48325,71,353,10647814
129,Bắc Kạn,Huyện Bạch Thông,27924656,31061,57,245,11030239
128,Bắc Kạn,Huyện Chợ Đồn,27944198,49554,54,399,11037958
133,Bắc Kạn,Huyện Chợ Mới,26805727,38958,64,295,10588262
130,Bắc Kạn,Huyện Na Rì,27551706,38263,45,329,10882924
131,Bắc Kạn,Huyện Ngân Sơn,26875429,29269,45,252,10615795
134,Bắc Kạn,Huyện Pác Nặm,26619052,33439,70,245,10514526
127,Bắc Kạn,Thành phố Bắc Kạn,47399847,45036,329,205,18722940
126,Bạc Liêu,Huyện Đông Hải,27283877,152619,268,733,10040467
721,Bạc Liêu,Huyện Hoà Bình,26505123,117753,313,542,9753885
123,Bạc Liêu,Huyện Hồng Dân,27339262,111848,264,539,10060848
125,Bạc Liêu,Huyện Phước Long,27490160,124268,299,580,10116379
122,Bạc Liêu,Huyện Vĩnh Lợi,27679090,101025,402,436,10185905
121,Bạc Liêu,Thành phố Bạc Liêu,49408389,156110,890,564,18182287
124,Bạc Liêu,Thị xã Giá Rai,33104328,143613,405,619,12182393
151,Bắc Ninh,Huyện Gia Bình,26512214,132297,123,802,10472325
152,Bắc Ninh,Huyện Lương Tài,27442511,127291,1202,434,10839792
147,Bắc Ninh,Huyện Tiên Du,27392496,195993,2049,611,10820036
146,Bắc Ninh,Huyện Yên Phong,27303408,211048,2177,652,10784846
145,Bắc Ninh,Thành phố Bắc Ninh,49414757,288766,3494,836,19518829
149,Bắc Ninh,Thành phố Từ Sơn,47131731,192554,3152,565,18617034
148,Bắc Ninh,Thị xã Quế Võ,33018313,213753,1378,712,13042234
150,Bắc Ninh,Thị xã Thuận Thành,33956367,199577,1694,641,13412765
159,Bến Tre,Huyện Ba Tri,27758315,184734,503,756,10215060
158,Bến Tre,Huyện Bình Đại,26879056,137304,321,628,9891493
155,Bến Tre,Huyện Châu Thành,26764953,175893,782,652,9849503
154,Bến Tre,Huyện Chợ Lách,27823914,111418,659,428,10239200
157,Bến Tre,Huyện Giồng Trôm,28052319,169987,544,683,10323253
156,Bến Tre,Huyện Mỏ Cày Bắc,27324441,113210,685,432,10055394
722,Bến Tre,Huyện Mỏ Cày Nam,27374805,143577,622,560,10073928
160,Bến Tre,Huyện Thạnh Phú,27627168,127841,300,596,10166798
153,Bến Tre,Thành phố Bến Tre,49167378,124499,1763,397,18093595
110,Bình Định,Huyện An Lão,28043052,27837,40,251,16208884
112,Bình Định,Huyện Hoài Ân,27006366,85700,114,533,15609680
115,Bình Định,Huyện Phù Cát,27639227,183440,269,880,15975473
114,Bình Định,Huyện Phù Mỹ,27778301,161563,291,759,16055858
117,Bình Định,Huyện Tây Sơn,26885692,115968,168,638,15539930
120,Bình Định,Huyện Tuy Phước,27728527,180191,819,662,16027089
118,Bình Định,Huyện Vân Canh,27524352,27875,35,264,15909075
116,Bình Định,Huyện Vĩnh Thạnh,27571960,30587,43,268,15936593
109,Bình Định,Thành phố Quy Nhơn,48332643,290053,1014,1021,27936268
119,Bình Định,Thị xã An Nhơn,32901444,175709,719,664,19017035
113,Bình Định,Thị xã Hoài Nhơn,33845112,212063,504,867,19562475
87,Bình Dương,Huyện Bắc Tân Uyên,27211691,65860,165,364,10013902
86,Bình Dương,Huyện Bàu Bàng,26976054,92679,273,443,9927188
91,Bình Dương,Huyện Dầu Tiếng,26869996,112472,156,633,9888158
90,Bình Dương,Huyện Phú Giáo,26480288,89741,165,496,9744746
89,Bình Dương,Thành phố Dĩ An,49385944,403760,6718,1086,18174028
752,Bình Dương,Thành phố Tân Uyên,47948038,370512,1932,1166,17644878
85,Bình Dương,Thành phố Thủ Dầu Một,47380116,321607,2705,963,17435883
88,Bình Dương,Thành phố Thuận An,47155995,508433,6074,1382,17353406
751,Bình Dương,Thị xã Bến Cát,32778809,302782,1292,1019,12062602
99,Bình Phước,Huyện Bù Đăng,26534390,168253,112,1052,9764655
97,Bình Phước,Huyện Bù Đốp,28019253,77334,203,402,10311085
723,Bình Phước,Huyện Bù Gia Mập,28091748,93315,88,632,10337763
93,Bình Phước,Huyện Đồng Phú,27936361,127559,137,747,10280581
724,Bình Phước,Huyện Hớn Quản,27256046,120749,182,648,10030225
96,Bình Phước,Huyện Lộc Ninh,26849955,143185,168,787,9880783
756,Bình Phước,Huyện Phú Riềng,27597741,110946,165,614,10155969
92,Bình Phước,Thành phố Đồng Xoài,49216052,147327,878,533,18111507
95,Bình Phước,Thị xã Bình Long,33295598,71502,566,284,12252780
94,Bình Phước,Thị xã Chơn Thành,33741566,101196,259,491,12416896
98,Bình Phước,Thị xã Phước Long,34284854,73043,612,286,12616826
102,Bình Thuận,Huyện Bắc Bình,26766353,129374,69,953,9850018
106,Bình Thuận,Huyện Đức Linh,27638150,126035,231,631,10170839
105,Bình Thuận,Huyện Hàm Tân,28034939,70697,96,465,10316858
103,Bình Thuận,Huyện Hàm Thuận Bắc,27658334,184131,137,1079,10178267
104,Bình Thuận,Huyện Hàm Thuận Nam,27116081,116544,110,733,9978718
108,Bình Thuận,Huyện Phú Quí,27076230,28258,1624,91,9964053
107,Bình Thuận,Huyện Tánh Linh,26819354,98516,82,683,9869522
101,Bình Thuận,Huyện Tuy Phong,26999480,144800,187,771,9935808
100,Bình Thuận,Thành phố Phan Thiết,48817397,226736,1075,790,17964802
719,Bình Thuận,Thị xã La Gi,34247901,107057,577,424,12603228
183,Cà Mau,Huyện Cái Nước,26668141,136638,328,622,9813876
187,Cà Mau,Huyện Đầm Dơi,27560773,175629,217,896,10142365
189,Cà Mau,Huyện Năm Căn,27931921,56813,118,349,10278947
188,Cà Mau,Huyện Ngọc Hiển,26894806,66874,94,443,9897289
190,Cà Mau,Huyện Phú Tân,27712259,97703,218,497,10198111
186,Cà Mau,Huyện Thới Bình,27356685,135892,214,695,10067260
184,Cà Mau,Huyện Trần Văn Thời,26537449,197679,283,936,9765781
185,Cà Mau,Huyện U Minh,26569081,100876,131,599,9777422
182,Cà Mau,Thành phố Cà Mau,49479784,226372,908,814,18208560
179,Cần Thơ,Huyện Cờ Đỏ,39913181,116576,365,516,14688051
178,Cần Thơ,Huyện Phong Điền,41425229,98424,779,365,15244484
725,Cần Thơ,Huyện Thới Lai,40078572,109684,411,471,14748914
180,Cần Thơ,Huyện Vĩnh Thạnh,40799606,98399,322,450,15014255
174,Cần Thơ,Quận Bình Thuỷ,107153461,142164,1999,445,39432474
176,Cần Thơ,Quận Cái Răng,107965658,105393,1578,343,39731362
175,Cần Thơ,Quận Ninh Kiều,111704253,280494,9606,730,41107165
177,Cần Thơ,Quận Ô Môn,108444209,128677,976,457,39907469
181,Cần Thơ,Quận Thốt Nốt,108592657,155360,1273,524,39962098
163,Cao Bằng,Huyện Bảo Lạc,27685424,54420,59,424,10935743
172,Cao Bằng,Huyện Bảo Lâm,27535316,65025,71,475,10876450
171,Cao Bằng,Huyện Hạ Lang,26800712,25439,56,202,10586281
165,Cao Bằng,Huyện Hà Quảng,27664645,59467,73,430,10927535
168,Cao Bằng,Huyện Hoà An,27661562,52762,87,359,10926317
167,Cao Bằng,Huyện Nguyên Bình,27082814,39654,47,336,10697712
173,Cao Bằng,Huyện Phục Hòa,26750442,23625,93,157,10566425
169,Cao Bằng,Huyện Quảng Hòa,27792642,66620,100,432,10978093
170,Cao Bằng,Huyện Thạch An,27518132,29820,43,261,10869662
164,Cao Bằng,Huyện Thông Nông,27405743,24441,68,181,10825268
166,Cao Bằng,Huyện Trà Lĩnh,26785574,22354,88,151,10580302
162,Cao Bằng,Huyện Trùng Khánh,27470565,70424,102,454,10850873
161,Cao Bằng,Thành phố Cao Bằng,47966877,73549,687,280,18946916
49,Đà Nẵng,Huyện Hòa Vang,39948717,145749,199,762,23090359
48,Đà Nẵng,Quận Cẩm Lệ,108213474,159295,445,671,62547388
42,Đà Nẵng,Quận Hải Châu,110349326,201522,8649,530,63781910
47,Đà Nẵng,Quận Liên Chiểu,108051810,166832,206,863,62453946
44,Đà Nẵng,Quận Ngũ Hành Sơn,111813880,90352,2248,278,64628423
46,Đà Nẵng,Quận Sơn Trà,110496202,157415,2483,477,63866805
43,Đà Nẵng,Quận Thanh Khê,110545884,236754,22548,580,63895521
203,Đắk Lắk,Huyện Buôn Đôn,27215965,64251,46,549,15730828
726,Đắk Lắk,Huyện Cư Kuin,28053553,101247,351,453,16214953
192,Đắk Lắk,Huyện Cư M'gar,27334071,177622,215,908,15799093
194,Đắk Lắk,Huyện Ea H'leo,26478394,136880,103,880,15304512
198,Đắk Lắk,Huyện Ea Kar,27582422,144450,139,842,15942640
196,Đắk Lắk,Huyện Ea Súp,27352236,70724,40,637,15809593
200,Đắk Lắk,Huyện Krông A Na,27779575,79892,224,404,16056594
201,Đắk Lắk,Huyện Krông Bông,26967515,92064,73,665,15587224
193,Đắk Lắk,Huyện Krông Búk,26757848,64859,181,349,15466036
195,Đắk Lắk,Huyện Krông Năng,26582188,126366,206,654,15364505
197,Đắk Lắk,Huyện Krông Pắc,27836835,194607,311,898,16089691
202,Đắk Lắk,Huyện Lắk,27881199,69885,56,555,16115333
199,Đắk Lắk,Huyện M'đrắk,27232203,85080,1348,284,15740213
191,Đắk Lắk,Thành Phố Buôn Ma Thuột,27855197,375590,996,1327,16100304
717,Đắk Lắk,Thị xã Buôn Hồ,33084069,98732,349,442,19122592
206,Đắk Nông,Huyện Cư Jút,27670368,92464,128,553,15993473
208,Đắk Nông,Huyện Đăk Glong,28064555,67782,47,574,16221313
209,Đắk Nông,Huyện Đắk Mil,27584482,100702,148,576,15943831
210,Đắk Nông,Huyện Đắk R'lấp,27229009,83555,131,496,15738367
205,Đắk Nông,Huyện Đắk Song,28042812,80514,100,523,16208745
207,Đắk Nông,Huyện Krông Nô,27761698,74446,91,499,16046261
718,Đắk Nông,Huyện Tuy Đức,27894838,61312,55,490,16123216
204,Đắk Nông,Thành phố Gia Nghĩa,48247390,85082,299,397,27886992
701,Điện Biên,Huyện Điện Biên,28087663,93850,67,699,11094627
702,Điện Biên,Huyện Điện Biên Đông,27396704,67080,55,536,10821698
698,Điện Biên,Huyện Mường Ảng,26886374,48416,109,305,10620118
696,Điện Biên,Huyện Mường Chà,26695634,48005,40,432,10544775
697,Điện Biên,Huyện Mường Nhé,26807932,45727,29,466,10589133
745,Điện Biên,Huyện Nậm Pồ,27279777,54908,37,509,10775512
700,Điện Biên,Huyện Tủa Chùa,26944433,57460,84,395,10643051
699,Điện Biên,Huyện Tuần Giáo,27170303,87883,77,623,10732270
694,Điện Biên,Thành phố Điện Biên Phủ,48852711,80366,261,389,19296821
695,Điện Biên,Thị xã Mường Lay,34144177,11162,99,73,13486950
560,Đồng Nai,Huyện Cẩm Mỹ,27967449,173865,376,764,10292021
553,Đồng Nai,Huyện Định Quán,27340909,265925,273,1271,10061455
557,Đồng Nai,Huyện Long Thành,26555904,285311,663,1096,9772573
558,Đồng Nai,Huyện Nhơn Trạch,27291585,185041,491,761,10043303
552,Đồng Nai,Huyện Tân Phú,26571437,207968,268,999,9778289
554,Đồng Nai,Huyện Thống Nhất,26529966,200083,805,738,9763028
559,Đồng Nai,Huyện Trảng Bom,26472919,349480,1068,1219,9742034
551,Đồng Nai,Huyện Vĩnh Cửu,27893908,162016,149,925,10264958
556,Đồng Nai,Huyện Xuân Lộc,26909997,285105,393,1238,9902879
550,Đồng Nai,Thành phố Biên Hòa,47279710,960609,3644,2766,17398933
555,Đồng Nai,Thành phố Long Khánh,47952105,181596,941,649,17646375
217,Đồng Tháp,Huyện Cao Lãnh,26561148,197614,402,854,9774502
231,Đồng Tháp,Huyện Châu Thành,26557265,146812,596,578,9773074
214,Đồng Tháp,Huyện Hồng Ngự,27455075,120571,575,478,10103468
230,Đồng Tháp,Huyện Lai Vung,27252230,164240,688,626,10028821
218,Đồng Tháp,Huyện Lấp Vò,26674293,180627,734,679,9816140
215,Đồng Tháp,Huyện Tam Nông,26553648,99995,211,514,9771743
213,Đồng Tháp,Huyện Tân Hồng,27018220,75456,243,373,9942705
216,Đồng Tháp,Huyện Thanh Bình,26949456,134903,395,586,9917400
219,Đồng Tháp,Huyện Tháp Mười,27706792,131791,249,646,10196099
212,Đồng Tháp,Thành phố Cao Lãnh,48689423,164835,1536,538,17917708
740,Đồng Tháp,Thành phố Hồng Ngự,47809292,100610,826,369,17593819
211,Đồng Tháp,Thành phố Sa Đéc,48802296,106198,1797,338,17959245
245,Gia Lai,Huyện Chư Păh,26896198,77299,79,544,15546003
251,Gia Lai,Huyện Chư Prông,27597094,123555,73,893,15951121
727,Gia Lai,Huyện Chư Pưh,28049496,77511,108,490,16212609
252,Gia Lai,Huyện Chư Sê,27892749,121965,190,646,16122009
256,Gia Lai,Huyện Đăk Đoa,26606457,123282,125,743,15378532
258,Gia Lai,Huyện Đăk Pơ,26670255,40442,80,283,15415407
250,Gia Lai,Huyện Đức Cơ,27645257,75718,105,484,15978959
255,Gia Lai,Huyện Ia Grai,27843817,105664,94,700,16093726
257,Gia Lai,Huyện Ia Pa,26642105,56596,65,426,15399137
247,Gia Lai,Huyện KBang,27307479,65437,36,613,15783723
249,Gia Lai,Huyện Kông Chro,27152843,52406,36,491,15694343
254,Gia Lai,Huyện Krông Pa,26661676,86416,53,700,15410449
246,Gia Lai,Huyện Mang Yang,27345248,68273,61,526,15805553
728,Gia Lai,Huyện Phú Thiện,27111810,78627,156,442,15670626
244,Gia Lai,Thành phố Pleiku,48834330,254802,977,904,28226243
248,Gia Lai,Thị xã An Khê,33520993,65918,329,300,19375134
253,Gia Lai,Thị xã AYun Pa,33320937,39936,139,233,19259502
308,Hà Giang,Huyện Bắc Mê,28040899,54592,64,413,11076155
311,Hà Giang,Huyện Bắc Quang,27624423,118690,107,753,10911647
303,Hà Giang,Huyện Đồng Văn,27336956,81880,181,440,10798098
309,Hà Giang,Huyện Hoàng Su Phì,27494929,66683,105,425,10860497
304,Hà Giang,Huyện Mèo Vạc,27808395,86071,150,490,10984316
306,Hà Giang,Huyện Quản Bạ,26969607,53476,99,348,10652995
312,Hà Giang,Huyện Quang Bình,27402705,61711,78,436,10824069
307,Hà Giang,Huyện Vị Xuyên,26589853,110465,75,791,10502992
310,Hà Giang,Huyện Xín Mần,26708156,67999,116,420,10549722
305,Hà Giang,Huyện Yên Minh,26528223,97553,126,587,10478648
302,Hà Giang,Thành phố Hà Giang,47151102,55559,416,238,18624685
264,Hà Nam,Huyện Bình Lục,27825994,133046,923,477,10991267
261,Hà Nam,Huyện Kim Bảng,27519895,125634,716,475,10870358
262,Hà Nam,Huyện Lý Nhân,28011195,195000,1155,670,11064422
263,Hà Nam,Huyện Thanh Liêm,26577232,118569,719,448,10498006
259,Hà Nam,Thành phố Phủ Lý,49404635,158212,1806,503,19514831
260,Hà Nam,Thị xã Duy Tiên,32501994,177150,1363,590,12838288
267,Hà Nội,Huyện Ba Vì,41155998,290580,687,1108,16256619
271,Hà Nội,Huyện Chương Mỹ,41350418,337326,1421,1117,16333415
272,Hà Nội,Huyện Đan Phượng,40718151,174501,2237,537,16083670
33,Hà Nội,Huyện Đông Anh,42103769,405749,2186,1253,16630989
32,Hà Nội,Huyện Gia Lâm,41477135,286102,2452,869,16383468
273,Hà Nội,Huyện Hoài Đức,40947591,262978,3094,773,16174299
716,Hà Nội,Huyện Mê Linh,41546100,240555,1688,773,16410710
275,Hà Nội,Huyện Mỹ Đức,41261007,199901,883,723,16298098
278,Hà Nội,Huyện Phú Xuyên,40277561,213984,1248,725,15909636
268,Hà Nội,Huyện Phúc Thọ,41392859,184024,1552,600,16350179
270,Hà Nội,Huyện Quốc Oai,40394833,194412,1287,655,15955959
34,Hà Nội,Huyện Sóc Sơn,40312501,343432,1127,1185,15923438
269,Hà Nội,Huyện Thạch Thất,39919289,216554,1156,744,15768119
274,Hà Nội,Huyện Thanh Oai,41425371,211029,1703,677,16363022
31,Hà Nội,Huyện Thanh Trì,40574000,275745,4342,778,16026730
277,Hà Nội,Huyện Thường Tín,40938288,254702,1953,800,16170624
276,Hà Nội,Huyện Ứng Hòa,39876596,210869,112,1318,15751256
21,Hà Nội,Quận Ba Đình,109847765,221893,24119,542,43389867
749,Hà Nội,Quận Bắc Từ Liêm,111325683,340605,7529,907,43973645
26,Hà Nội,Quận Cầu Giấy,108523447,292536,23516,715,42866762
24,Hà Nội,Quận Đống Đa,111476074,371606,37161,887,44033049
265,Hà Nội,Quận Hà Đông,107371808,397854,8021,1052,42411864
23,Hà Nội,Quận Hai Bà Trưng,109923275,303586,29474,733,43419693
22,Hà Nội,Quận Hoàn Kiếm,109013779,135618,25588,330,43060443
28,Hà Nội,Quận Hoàng Mai,106468426,506347,12564,1291,42055028
29,Hà Nội,Quận Long Biên,108145938,322549,5394,887,42717646
30,Hà Nội,Quận Nam Từ Liêm,108758281,269076,8364,709,42959521
25,Hà Nội,Quận Tây Hồ,110695561,160495,6578,433,43724747
27,Hà Nội,Quận Thanh Xuân,109191801,293524,32255,706,43130761
266,Hà Nội,Thị xã Sơn Tây,51103202,145856,1242,494,20185765
287,Hà Tĩnh,Huyện Cẩm Xuyên,27721402,149313,235,744,16022970
284,Hà Tĩnh,Huyện Can Lộc,27552357,129098,427,550,15925262
282,Hà Tĩnh,Huyện Đức Thọ,27260215,101562,499,416,15756404
285,Hà Tĩnh,Huyện Hương Khê,28095417,99307,79,698,16239151
281,Hà Tĩnh,Huyện Hương Sơn,27073894,112426,103,722,15648711
288,Hà Tĩnh,Huyện Kỳ Anh,26529561,121662,160,679,15334086
729,Hà Tĩnh,Huyện Lộc Hà,26855756,105581,902,380,15522627
283,Hà Tĩnh,Huyện Nghi Xuân,27745910,102160,459,427,16037136
286,Hà Tĩnh,Huyện Thạch Hà,27222436,219391,107,1392,15734568
289,Hà Tĩnh,Huyện Vũ Quang,27955168,28544,45,246,16158087
279,Hà Tĩnh,Thành phố Hà Tĩnh,49949501,104037,1838,330,28870811
280,Hà Tĩnh,Thị xã Hồng Lĩnh,33896561,38411,651,148,19592212
755,Hà Tĩnh,Thị xã Kỳ Anh,32848303,82955,294,389,18986319
301,Hải Dương,Huyện Bình Giang,28100363,119229,1123,412,11099643
298,Hải Dương,Huyện Cẩm Giàng,27455550,147810,1343,494,10844942
294,Hải Dương,Huyện Gia Lộc,27260099,115617,116,715,10767739
300,Hải Dương,Huyện Kim Thành,26805867,136150,1183,466,10588318
292,Hải Dương,Huyện Nam Sách,27626705,126325,1138,435,10912549
297,Hải Dương,Huyện Ninh Giang,26944503,146493,1071,511,10643079
299,Hải Dương,Huyện Thanh Hà,26520309,136858,973,486,10475522
296,Hải Dương,Huyện Thanh Miện,26651397,137537,1114,476,10527302
295,Hải Dương,Huyện Tứ Kỳ,26568490,152541,923,547,10494554
291,Hải Dương,Thành phố Chí Linh,47661151,220421,779,818,18826155
290,Hải Dương,Thành phố Hải Dương,47383850,299638,2684,898,18716621
293,Hải Dương,Thị xã Kinh Môn,32396510,203638,1232,691,12796621
61,Hải Phòng,Huyện An Dương,40504969,171227,2169,529,15999463
58,Hải Phòng,Huyện An Lão,39902832,146712,1246,497,15761618
65,Hải Phòng,Huyện Bạch Long Vĩ,40047826,624,201,3,15818891
64,Hải Phòng,Huyện Cát Hải,40223262,32090,99,209,15888188
59,Hải Phòng,Huyện Kiến Thuỵ,41688101,140417,1289,473,16466800
60,Hải Phòng,Huyện Thuỷ Nguyên,41621806,397570,1477,1307,16440613
62,Hải Phòng,Huyện Tiên Lãng,39973228,154789,800,571,15789425
63,Hải Phòng,Huyện Vĩnh Bảo,41853463,182835,997,646,16532118
57,Hải Phòng,Quận Đồ Sơn,106265186,49029,1068,171,41974748
730,Hải Phòng,Quận Dương Kinh,112245553,60319,1289,203,44336994
56,Hải Phòng,Quận Hải An,111560559,144256,1477,475,44066421
52,Hải Phòng,Quận Hồng Bàng,110005282,177820,4471,500,43452086
55,Hải Phòng,Quận Kiến An,112112408,118047,3988,336,44284401
53,Hải Phòng,Quận Lê Chân,111966811,219762,18467,545,44226890
54,Hải Phòng,Quận Ngô Quyền,110064346,165309,14629,416,43475417
711,Hậu Giang,Huyện Châu Thành,27064519,88079,633,342,9959743
712,Hậu Giang,Huyện Châu Thành A,27477442,97606,636,379,10111699
709,Hậu Giang,Huyện Long Mỹ,27349000,77346,305,359,10064432
710,Hậu Giang,Huyện Phụng Hiệp,27977931,188017,389,819,10295879
708,Hậu Giang,Huyện Vị Thuỷ,27597285,90126,392,392,10155801
707,Hậu Giang,Thành phố Ngã Bảy,49245301,101192,1296,340,18122271
706,Hậu Giang,Thành phố Vị Thanh,48080085,73322,616,286,17693471
758,Hậu Giang,Thị xã Long Mỹ,32853073,62339,431,265,12089931
20,Hồ Chí Minh,Huyện Bình Chánh,42094811,705508,2792,2103,15490891
704,Hồ Chí Minh,Huyện Cần Giờ,40820440,71526,102,461,15021922
705,Hồ Chí Minh,Huyện Củ Chi,40191515,462047,1063,1612,14790478
703,Hồ Chí Minh,Huyện Hóc Môn,41880819,542243,4966,1505,15412141
713,Hồ Chí Minh,Huyện Nhà Bè,40831991,206837,206,1070,15026173
1,Hồ Chí Minh,Quận 1,111132415,142625,18523,354,40896729
10,Hồ Chí Minh,Quận 10,108885976,234819,41196,558,40070039
11,Hồ Chí Minh,Quận 11,111758409,209867,4115,595,41127095
12,Hồ Chí Minh,Quận 12,108843441,620146,11745,1589,40054386
2,Hồ Chí Minh,Quận 2,107273169,171311,3441,497,39476526
3,Hồ Chí Minh,Quận 3,106615987,190375,38852,454,39234683
4,Hồ Chí Minh,Quận 4,107255590,175329,41745,416,39470057
5,Hồ Chí Minh,Quận 5,108211616,159073,36994,380,39821875
6,Hồ Chí Minh,Quận 6,107680677,233561,32439,561,39626489
7,Hồ Chí Minh,Quận 7,111387447,360155,10088,934,40990580
8,Hồ Chí Minh,Quận 8,110248229,424667,22118,1042,40571348
9,Hồ Chí Minh,Quận 9,110857785,310107,2721,928,40795665
19,Hồ Chí Minh,Quận Bình Tân,109504158,784173,15109,1972,40297530
14,Hồ Chí Minh,Quận Bình Thạnh,106361756,499164,23998,1219,39141126
17,Hồ Chí Minh,Quận Gò Vấp,109837926,676899,3436,1963,40420357
13,Hồ Chí Minh,Quận Phú Nhuận,107141296,163961,33461,394,39427997
15,Hồ Chí Minh,Quận Tân Bình,111358974,474792,21196,1168,40980102
16,Hồ Chí Minh,Quận Tân Phú,107509015,485348,30146,1171,39563318
18,Hồ Chí Minh,Thành phố Thủ Đức,72512816,1013795,4791,2826,26684716
343,Hoà Bình,Huyện Cao Phong,28083876,45470,178,246,11093131
314,Hoà Bình,Huyện Đà Bắc,26878174,55002,71,401,10616879
340,Hoà Bình,Huyện Kim Bôi,26817880,118767,216,607,10593062
318,Hoà Bình,Huyện Kỳ Sơn,27327978,70420,34,674,10794551
317,Hoà Bình,Huyện Lạc Sơn,26690459,136652,233,683,10542731
341,Hoà Bình,Huyện Lạc Thủy,27694273,60393,193,319,10939238
319,Hoà Bình,Huyện Lương Sơn,27440605,99457,273,475,10839039
315,Hoà Bình,Huyện Mai Châu,27363521,55640,98,364,10808591
316,Hoà Bình,Huyện Tân Lạc,28031890,86889,163,482,11072596
342,Hoà Bình,Huyện Yên Thủy,27846668,60143,208,310,10999434
313,Hoà Bình,Thành phố Hòa Bình,48306458,135718,389,591,19081051
346,Hưng Yên,Huyện Ân Thi,27617089,134403,1034,472,10908750
347,Hưng Yên,Huyện Khoái Châu,26655284,188255,1437,622,10528837
345,Hưng Yên,Huyện Kim Động,27126184,117734,114,731,10714843
350,Hưng Yên,Huyện Phù Cừ,27647536,79954,845,292,10920777
349,Hưng Yên,Huyện Tiên Lữ,27644399,93118,1185,319,10919538
353,Hưng Yên,Huyện Văn Giang,26733142,120799,1682,389,10559591
352,Hưng Yên,Huyện Văn Lâm,27997719,133027,1769,424,11059099
348,Hưng Yên,Huyện Yên Mỹ,26628014,159146,1723,510,10518065
344,Hưng Yên,Thành phố Hưng Yên,48215893,116356,1575,379,19045278
351,Hưng Yên,Thị xã Mỹ Hào,32915046,158673,1998,497,13001443
731,Khánh Hòa,Huyện Cam Lâm,27266793,108979,199,570,15760206
357,Khánh Hòa,Huyện Diên Khánh,26802193,143211,424,611,15491668
360,Khánh Hòa,Huyện Khánh Sơn,28002776,25349,75,181,16185605
358,Khánh Hòa,Huyện Khánh Vĩnh,27804952,39780,34,381,16071262
355,Khánh Hòa,Huyện Vạn Ninh,27270409,130231,232,652,15762296
359,Khánh Hòa,Thành phố Cam Ranh,47789497,130814,400,566,27622329
354,Khánh Hòa,Thành phố Nha Trang,47145558,422601,166,2333,27250132
356,Khánh Hòa,Thị xã Ninh Hòa,32697261,230049,208,1187,18899017
370,Kiên Giang,Huyện An Biên,27537707,115218,288,543,10133876
371,Kiên Giang,Huyện An Minh,27730393,115720,196,608,10204785
367,Kiên Giang,Huyện Châu Thành,27065754,159607,559,637,9960197
733,Kiên Giang,Huyện Giang Thành,26640220,29215,71,213,9803601
368,Kiên Giang,Huyện Giồng Riềng,27412401,224655,351,1004,10087764
369,Kiên Giang,Huyện Gò Quao,26717211,132508,301,617,9831934
365,Kiên Giang,Huyện Hòn Đất,27827843,156273,150,890,10240646
374,Kiên Giang,Huyện Kiên Hải,26626925,17588,715,67,9798709
364,Kiên Giang,Huyện Kiên Lương,26601359,79484,168,437,9789300
366,Kiên Giang,Huyện Tân Hiệp,26889358,125459,297,586,9895284
732,Kiên Giang,Huyện U Minh Thượng,27739996,63415,147,364,10208319
372,Kiên Giang,Huyện Vĩnh Thuận,27619663,81875,208,422,10164036
363,Kiên Giang,Thành phố Hà Tiên,47340625,81576,812,300,17421350
373,Kiên Giang,Thành phố Phú Quốc,49777223,179480,305,833,18318018
362,Kiên Giang,Thành phố Rạch Giá,47249383,227527,2196,702,17387773
376,Kon Tum,Huyện Đắk Glei,26748886,48761,33,473,15460856
381,Kon Tum,Huyện Đắk Hà,27683093,74805,89,505,16000828
378,Kon Tum,Huyện Đắk Tô,27549133,47544,93,316,15923399
380,Kon Tum,Huyện Kon Plông,26809266,26025,19,314,15495756
382,Kon Tum,Huyện Kon Rẫy,27636242,28591,31,284,15973748
377,Kon Tum,Huyện Ngọc Hồi,26741404,58913,70,432,15456532
379,Kon Tum,Huyện Sa Thầy,26716895,49914,35,473,15442365
383,Kon Tum,Huyện Tu Mơ Rông,27968637,27411,32,269,16165872
375,Kon Tum,Thành phố Kon Tum,49561194,168264,389,733,28646370
388,Lai Châu,Huyện Mường Tè,27054718,46143,17,584,10686613
715,Lai Châu,Huyện Nậm Nhùn,27429298,27261,20,323,10834573
386,Lai Châu,Huyện Phong Thổ,27143932,79645,77,565,10721853
387,Lai Châu,Huyện Sìn Hồ,28062059,83643,55,669,11084513
385,Lai Châu,Huyện Tam Đường,26901565,52470,79,369,10626118
714,Lai Châu,Huyện Tân Uyên,27058526,58104,65,437,10688118
389,Lai Châu,Huyện Than Uyên,26619258,67550,85,463,10514607
384,Lai Châu,Thành phố Lai Châu,49651368,42973,465,179,19612290
409,Lâm Đồng,Huyện Bảo Lâm,28026093,118090,81,823,10313602
407,Lâm Đồng,Huyện Cát Tiên,26969643,44783,104,287,9924829
405,Lâm Đồng,Huyện Đạ Huoai,27802060,112696,234,562,10231158
406,Lâm Đồng,Huyện Đạ Tẻh,26678667,43415,82,301,9817750
410,Lâm Đồng,Huyện Đam Rông,27097441,54217,62,415,9971858
402,Lâm Đồng,Huyện Di Linh,26478953,159994,99,1042,9744255
403,Lâm Đồng,Huyện Đơn Dương,27955240,107281,175,583,10287528
401,Lâm Đồng,Huyện Đức Trọng,26971797,186974,207,967,9925621
404,Lâm Đồng,Huyện Lạc Dương,27809427,27956,21,325,10233869
408,Lâm Đồng,Huyện Lâm Hà,26558939,144436,155,814,9773689
400,Lâm Đồng,Thành phố Bảo Lộc,47404094,158684,680,607,17444707
399,Lâm Đồng,Thành phố Đà Lạt,47945323,226578,574,899,17643879
415,Lạng Sơn,Huyện Bắc Sơn,27551027,71967,103,463,10882656
413,Lạng Sơn,Huyện Bình Gia,26925238,52689,48,443,10635469
417,Lạng Sơn,Huyện Cao Lộc,27001824,79873,129,477,10665721
419,Lạng Sơn,Huyện Chi Lăng,27849703,75063,107,476,11000633
420,Lạng Sơn,Huyện Đình Lập,26904096,28579,24,314,10627118
421,Lạng Sơn,Huyện Hữu Lũng,27327468,121735,151,692,10794350
418,Lạng Sơn,Huyện Lộc Bình,27756183,84740,86,578,10963692
412,Lạng Sơn,Huyện Tràng Định,27089905,59827,59,466,10700512
414,Lạng Sơn,Huyện Văn Lãng,27486238,49696,88,337,10857064
416,Lạng Sơn,Huyện Văn Quan,27877878,54202,99,353,11011762
411,Lạng Sơn,Thành phố Lạng Sơn,47970461,103284,1326,346,18948332
397,Lào Cai,Huyện Bắc Hà,26678139,65338,96,430,10537865
393,Lào Cai,Huyện Bảo Thắng,27749544,103262,158,578,10961070
396,Lào Cai,Huyện Bảo Yên,27878750,85564,105,546,11012106
392,Lào Cai,Huyện Bát Xát,26631112,74388,72,540,10519289
398,Lào Cai,Huyện Mường Khương,27876549,63682,115,395,11011237
391,Lào Cai,Huyện Si Ma Cai,27638935,37490,160,209,10917379
395,Lào Cai,Huyện Văn Bàn,27262564,89167,63,679,10768713
390,Lào Cai,Thành phố Lào Cai,48109838,130671,463,545,19003386
394,Lào Cai,Thị xã Sa Pa,33619756,81857,120,500,13279804
429,Long An,Huyện Bến Lức,27826853,181660,631,706,10240282
433,Long An,Huyện Cần Đước,27649590,187359,850,683,10175049
434,Long An,Huyện Cần Giuộc,26708077,214914,999,759,9828572
431,Long An,Huyện Châu Thành,28072911,109812,708,416,10330831
428,Long An,Huyện Đức Hòa,28018632,315711,743,1184,10310856
427,Long An,Huyện Đức Huệ,27990040,65961,154,373,10300335
424,Long An,Huyện Mộc Hóa,27086940,28165,94,187,9967994
435,Long An,Huyện Tân Hưng,27282527,47651,95,314,10039970
425,Long An,Huyện Tân Thạnh,27928922,77537,183,416,10277843
432,Long An,Huyện Tân Trụ,27333734,66502,625,259,10058814
426,Long An,Huyện Thạnh Hóa,27679441,56074,120,343,10186034
430,Long An,Huyện Thủ Thừa,27592112,98333,329,447,10153897
423,Long An,Huyện Vĩnh Hưng,27428576,50074,132,297,10093716
422,Long An,Thành phố Tân An,47491234,145120,1776,463,17476774
748,Long An,Thị xã Kiến Tường,32954663,43674,214,224,12127316
457,Nam Định,Huyện Giao Thủy,26595824,167752,705,636,10505350
463,Nam Định,Huyện Hải Hậu,26765628,262901,1153,904,10572423
455,Nam Định,Huyện Mỹ Lộc,27277314,75214,1035,264,10774539
460,Nam Định,Huyện Nam Trực,27785211,183241,1118,634,10975159
462,Nam Định,Huyện Nghĩa Hưng,26829877,175786,679,672,10597801
461,Nam Định,Huyện Trực Ninh,27712329,172557,1198,589,10946370
459,Nam Định,Huyện Vụ Bản,27609118,130862,856,476,10905602
456,Nam Định,Huyện Xuân Trường,26927396,149480,1288,503,10636321
458,Nam Định,Huyện Ý Yên,27798965,229006,877,830,10980591
454,Nam Định,Thành phố Nam Định,48299616,364181,3012,1075,19078348
476,Nghệ An,Huyện Anh Sơn,26966767,116922,194,616,15586791
472,Nghệ An,Huyện Con Cuông,27474002,75168,43,658,15879973
475,Nghệ An,Huyện Diễn Châu,27549278,312506,1025,1098,15923483
477,Nghệ An,Huyện Đô Lương,27316384,213543,610,836,15788870
481,Nghệ An,Huyện Hưng Nguyên,26819111,124245,780,461,15501446
470,Nghệ An,Huyện Kỳ Sơn,27160868,80288,38,737,15698981
480,Nghệ An,Huyện Nam Đàn,27686382,164634,563,656,16002729
479,Nghệ An,Huyện Nghi Lộc,26797933,218005,630,847,15489205
468,Nghệ An,Huyện Nghĩa Đàn,26509927,140515,227,707,15322738
482,Nghệ An,Huyện Quế Phong,27425872,71940,38,661,15852154
466,Nghệ An,Huyện Quỳ Châu,26593156,57813,55,462,15370844
467,Nghệ An,Huyện Quỳ Hợp,26700646,134154,142,777,15432973
469,Nghệ An,Huyện Quỳnh Lưu,26968659,276259,633,1072,15587885
473,Nghệ An,Huyện Tân Kỳ,26788086,147257,202,767,15483514
478,Nghệ An,Huyện Thanh Chương,26834789,240808,213,1234,15510508
471,Nghệ An,Huyện Tương Dương,28075050,77830,28,805,16227379
474,Nghệ An,Huyện Yên Thành,27154887,301635,551,1208,15695525
464,Nghệ An,Thành phố Vinh,48621655,394782,5229,1090,28103316
465,Nghệ An,Thị xã Cửa Lò,34300370,55668,2002,174,19825614
747,Nghệ An,Thị xã Hoàng Mai,33080422,113360,668,435,19120484
736,Nghệ An,Thị xã Thái Hoà,32776645,66127,491,272,18944901
439,Ninh Bình,Huyện Gia Viễn,26679298,120992,685,461,10538323
450,Ninh Bình,Huyện Hoa Lư,27951630,319125,2124,989,11040894
452,Ninh Bình,Huyện Kim Sơn,27491140,182942,848,667,10859000
438,Ninh Bình,Huyện Nho Quan,27716549,149830,333,679,10948037
453,Ninh Bình,Huyện Yên Khánh,27870015,147069,1031,516,11008656
451,Ninh Bình,Huyện Yên Mô,26882680,118469,811,436,10618659
436,Ninh Bình,Thành phố Ninh Bình,49766649,53992,3293,157,19657826
437,Ninh Bình,Thành phố Tam Điệp,47722964,62866,599,247,18850571
487,Ninh Thuận,Huyện Bác Ái,27700206,30598,30,308,10193676
485,Ninh Thuận,Huyện Ninh Hải,27182735,92231,364,409,10003246
486,Ninh Thuận,Huyện Ninh Phước,26826390,128028,374,563,9872111
484,Ninh Thuận,Huyện Ninh Sơn,27398450,71888,93,478,10082630
488,Ninh Thuận,Huyện Thuận Bắc,27160145,43322,136,254,9994933
738,Ninh Thuận,Huyện Thuận Nam,27941486,57006,101,368,10282467
483,Ninh Thuận,Thành phố Phan Rang-Tháp Chàm,47729401,167580,2116,520,17564420
237,Phú Thọ,Huyện Cẩm Khê,27238169,139424,596,548,10759077
234,Phú Thọ,Huyện Đoan Hùng,26671176,115131,380,505,10535115
236,Phú Thọ,Huyện Hạ Hoà,27160901,104997,307,486,10728556
241,Phú Thọ,Huyện Lâm Thao,27106491,107989,1097,374,10707064
240,Phú Thọ,Huyện Phù Ninh,27383497,111011,705,421,10816481
242,Phú Thọ,Huyện Tam Nông,26807372,87931,565,350,10588912
734,Phú Thọ,Huyện Tân Sơn,27968519,85731,125,517,11047565
235,Phú Thọ,Huyện Thanh Ba,26739388,115470,593,455,10562058
239,Phú Thọ,Huyện Thanh Sơn,27561321,133132,214,682,10886722
243,Phú Thọ,Huyện Thanh Thuỷ,27729776,84622,673,324,10953262
238,Phú Thọ,Huyện Yên Lập,27300467,92858,212,476,10783685
232,Phú Thọ,Thành phố Việt Trì,48452362,214777,1926,676,19138683
233,Phú Thọ,Thị xã Phú Thọ,33134326,70653,1084,245,13088059
504,Phú Yên,Huyện Đồng Xuân,27447334,55030,53,446,15864559
510,Phú Yên,Huyện Phú Hoà,26943371,102074,394,443,15573268
507,Phú Yên,Huyện Sơn Hòa,26934181,59497,63,453,15567957
508,Phú Yên,Huyện Sông Hinh,26979971,51816,58,406,15594423
511,Phú Yên,Huyện Tây Hoà,27932448,110983,178,600,16144955
506,Phú Yên,Huyện Tuy An,27382467,123167,302,573,15827066
503,Phú Yên,Thành phố Tuy Hoà,47240145,155921,141,905,27304804
509,Phú Yên,Thị xã Đông Hòa,33197714,119991,452,503,19188279
505,Phú Yên,Thị Xã Sông Cầu,27973417,99432,202,518,16168635
516,Quảng Bình,Huyện Bố Trạch,27251248,188375,89,1271,15751222
518,Quảng Bình,Huyện Lệ Thủy,27711625,137831,98,900,16017319
514,Quảng Bình,Huyện Minh Hóa,26714857,50670,36,475,15441187
517,Quảng Bình,Huyện Quảng Ninh,28047965,90335,76,644,16211724
515,Quảng Bình,Huyện Quảng Trạch,27261692,110380,246,543,15757258
513,Quảng Bình,Huyện Tuyên Hóa,27603049,77754,69,573,15954562
512,Quảng Bình,Thành phố Đồng Hới,49911437,133672,857,487,28848811
750,Quảng Bình,Thị xã Ba Đồn,32365718,106413,656,410,18707385
529,Quảng Nam,Huyện Bắc Trà My,26648545,41335,49,345,15402859
523,Quảng Nam,Huyện Đại Lộc,27806543,141851,245,699,16072182
530,Quảng Nam,Huyện Đông Giang,26607401,25116,31,250,15379078
521,Quảng Nam,Huyện Duy Xuyên,27797981,126686,410,545,16067233
525,Quảng Nam,Huyện Hiệp Đức,26837550,37127,75,266,15512104
531,Quảng Nam,Huyện Nam Giang,26745663,26123,14,358,15458993
533,Quảng Nam,Huyện Nam Trà My,26892022,31306,38,287,15543589
737,Quảng Nam,Huyện Nông Sơn,26520102,26678,59,208,15328619
527,Quảng Nam,Huyện Núi Thành,28042157,147721,266,711,16208367
535,Quảng Nam,Huyện Phú Ninh,27077048,77204,302,359,15650534
532,Quảng Nam,Huyện Phước Sơn,26530224,26337,23,295,15334470
524,Quảng Nam,Huyện Quế Sơn,27980435,107499,371,474,16172692
534,Quảng Nam,Huyện Tây Giang,26889056,20005,22,228,15541874
526,Quảng Nam,Huyện Thăng Bình,27718610,173726,421,742,16021357
528,Quảng Nam,Huyện Tiên Phước,26684522,66239,146,380,15423654
520,Quảng Nam,Thành phố Hội An,48474953,98599,155,556,28018523
519,Quảng Nam,Thành phố Tam Kỳ,48372038,122374,1302,412,27959038
522,Quảng Nam,Thị xã Điện Bàn,34064093,226564,1047,793,19689046
547,Quảng Ngãi,Huyện Ba Tơ,26737703,59438,52,485,15454392
538,Quảng Ngãi,Huyện Bình Sơn,27271262,181050,388,789,15762789
537,Quảng Ngãi,Huyện Lý Sơn,27590778,22174,2132,69,15947470
544,Quảng Ngãi,Huyện Minh Long,26495573,18722,86,128,15314441
545,Quảng Ngãi,Huyện Mộ Đức,28009583,112592,526,456,16189539
543,Quảng Ngãi,Huyện Nghĩa Hành,27780087,82250,351,368,16056890
541,Quảng Ngãi,Huyện Sơn Hà,27158106,78377,104,502,15697385
548,Quảng Ngãi,Huyện Sơn Tây,27353117,21174,56,168,15810101
540,Quảng Ngãi,Huyện Sơn Tịnh,27903022,95843,394,416,16127947
549,Quảng Ngãi,Huyện Tây Trà,26698300,20168,59,157,15431618
539,Quảng Ngãi,Huyện Trà Bồng,27186220,53379,70,391,15713635
542,Quảng Ngãi,Huyện Tư Nghĩa,27652690,128661,624,501,15983255
536,Quảng Ngãi,Thành phố Quảng Ngãi,48361937,261417,1666,842,27953199
546,Quảng Ngãi,Thị xã Đức Phổ,34110702,150927,405,651,19715986
497,Quảng Ninh,Huyện Ba Chẽ,26690566,22103,36,207,10542774
493,Quảng Ninh,Huyện Bình Liêu,27437749,31637,67,236,10837911
502,Quảng Ninh,Huyện Cô Tô,27737360,6285,125,38,10956257
494,Quảng Ninh,Huyện Đầm Hà,27001992,41217,126,248,10665787
495,Quảng Ninh,Huyện Hải Hà,26504954,61566,120,376,10469457
500,Quảng Ninh,Huyện Hoành Bồ,27218965,51003,60,395,10751491
496,Quảng Ninh,Huyện Tiên Yên,28061842,50830,78,359,11084428
501,Quảng Ninh,Huyện Vân Đồn,26756765,46616,80,326,10568922
490,Quảng Ninh,Thành phố Cẩm Phả,48822426,190232,492,782,19284858
489,Quảng Ninh,Thành phố Hạ Long,48810720,300267,268,1443,19280234
492,Quảng Ninh,Thành phố Móng Cái,49089388,108553,209,560,19390308
491,Quảng Ninh,Thành phố Uông Bí,48936021,120982,474,502,19329728
498,Quảng Ninh,Thị xã Đông Triều,32648963,171673,433,728,12896340
499,Quảng Ninh,Thị xã Quảng Yên,32600491,145920,483,603,12877194
565,Quảng Trị,Huyện Cam Lộ,27664911,47777,139,278,15990319
570,Quảng Trị,Huyện Cồn Cỏ,26979632,346,150,2,15594227
569,Quảng Trị,Huyện Đa Krông,27961734,43208,36,405,16161882
564,Quảng Trị,Huyện Gio Linh,27578035,75276,159,421,15940104
567,Quảng Trị,Huyện Hải Lăng,27726537,79533,187,424,16025939
568,Quảng Trị,Huyện Hướng Hóa,27592128,90918,79,639,15948250
566,Quảng Trị,Huyện Triệu Phong,26900437,88852,251,435,15548453
563,Quảng Trị,Huyện Vĩnh Linh,27142393,87451,142,506,15688303
561,Quảng Trị,Thành phố Đông Hà,47644810,95658,131,568,27538700
562,Quảng Trị,Thị xã Quảng Trị,33379736,23356,320,107,19293487
741,Sóc Trăng,Huyện Châu Thành,28063077,95188,403,411,10327212
578,Sóc Trăng,Huyện Cù Lao Dung,27358660,58304,220,296,10067987
572,Sóc Trăng,Huyện Kế Sách,28007228,149156,423,636,10306660
576,Sóc Trăng,Huyện Long Phú,27728646,94255,357,419,10204142
573,Sóc Trăng,Huyện Mỹ Tú,27788226,90524,246,445,10226067
574,Sóc Trăng,Huyện Mỹ Xuyên,27726112,150067,402,648,10203209
575,Sóc Trăng,Huyện Thạnh Trị,27551463,73596,256,358,10138938
743,Sóc Trăng,Huyện Trần Đề,26559205,112463,298,525,9773788
571,Sóc Trăng,Thành phố Sóc Trăng,49819434,137305,1807,437,18333552
742,Sóc Trăng,Thị xã Ngã Năm,32727703,74115,306,344,12043795
577,Sóc Trăng,Thị xã Vĩnh Châu,34220663,164680,351,736,12593204
584,Sơn La,Huyện Bắc Yên,27543095,66784,61,514,10879522
586,Sơn La,Huyện Mai Sơn,27284984,163881,115,1015,10777569
589,Sơn La,Huyện Mộc Châu,27603742,114460,107,726,10903478
582,Sơn La,Huyện Mường La,27208634,99534,70,730,10747410
585,Sơn La,Huyện Phù Yên,26740832,114974,93,764,10562628
581,Sơn La,Huyện Quỳnh Nhai,27397852,64045,61,493,10822151
588,Sơn La,Huyện Sông Mã,27470878,154224,94,1022,10850997
590,Sơn La,Huyện Sốp Cộp,27205727,50215,34,481,10746262
583,Sơn La,Huyện Thuận Châu,27546452,172763,113,1076,10880849
746,Sơn La,Huyện Vân Hồ,26924371,62188,63,473,10635126
587,Sơn La,Huyện Yên Châu,27444279,79295,92,529,10840490
580,Sơn La,Thành phố Sơn La,49321315,106052,328,482,19481919
597,Tây Ninh,Huyện Bến Cầu,26639967,69849,294,327,9803508
595,Tây Ninh,Huyện Châu Thành,27671141,140769,242,696,10182980
594,Tây Ninh,Huyện Dương Minh Châu,27198340,119158,274,569,10008989
598,Tây Ninh,Huyện Gò Dầu,27760342,152757,588,603,10215806
592,Tây Ninh,Huyện Tân Biên,26524051,102190,119,626,9760851
593,Tây Ninh,Huyện Tân Châu,27419749,134743,122,819,10090468
591,Tây Ninh,Thành phố Tây Ninh,48620936,133805,956,476,17892505
596,Tây Ninh,Thị xã Hòa Thành,33520229,147666,1781,470,12335444
599,Tây Ninh,Thị xã Trảng Bàng,33640943,161831,476,671,12379867
630,Thái Bình,Huyện Đông Hưng,26774062,244838,1228,832,10575755
629,Thái Bình,Huyện Hưng Hà,26863559,253272,1204,863,10611106
632,Thái Bình,Huyện Kiến Xương,26625565,216682,1073,755,10517098
628,Thái Bình,Huyện Quỳnh Phụ,27822051,240940,1147,829,10989710
634,Thái Bình,Huyện Thái Thụy,27168551,255222,951,910,10731578
633,Thái Bình,Huyện Tiền Hải,27542014,215535,932,772,10879096
631,Thái Bình,Huyện Vũ Thư,27104638,227921,1158,782,10706332
627,Thái Bình,Thành phố Thái Bình,48266615,206037,3026,608,19065313
640,Thái Nguyên,Huyện Đại Từ,28028893,171703,299,801,11071413
637,Thái Nguyên,Huyện Định Hóa,26651306,89288,174,486,10527266
641,Thái Nguyên,Huyện Đồng Hỷ,27534698,92421,216,472,10876206
642,Thái Nguyên,Huyện Phú Bình,26940757,156804,644,607,10641599
638,Thái Nguyên,Huyện Phú Lương,26797670,102292,292,480,10585080
639,Thái Nguyên,Huyện Võ Nhai,26491208,68080,81,475,10464027
643,Thái Nguyên,Thành phố Phổ Yên,47456023,196378,759,733,18745129
636,Thái Nguyên,Thành phố Sông Công,49838399,69382,717,262,19686168
635,Thái Nguyên,Thành phố Thái Nguyên,47536119,340403,1527,1113,18776767
606,Thanh Hóa,Huyện Bá Thước,26872126,100834,130,601,15532089
613,Thanh Hóa,Huyện Cẩm Thủy,27999878,110091,259,534,16183929
626,Thanh Hóa,Huyện Đông Sơn,26695036,94162,1136,325,15429731
619,Thanh Hóa,Huyện Hà Trung,27750243,118826,487,490,16039640
622,Thanh Hóa,Huyện Hậu Lộc,26733983,176418,1228,599,15452242
620,Thanh Hóa,Huyện Hoằng Hóa,27098202,233043,1143,802,15662761
610,Thanh Hóa,Huyện Lang Chánh,27954410,49654,85,340,16157649
605,Thanh Hóa,Huyện Mường Lát,27123932,39948,49,333,15677633
621,Thanh Hóa,Huyện Nga Sơn,27042715,141114,894,509,15630689
611,Thanh Hóa,Huyện Ngọc Lặc,27219749,136611,278,650,15733015
609,Thanh Hóa,Huyện Như Thanh,27147717,94906,161,529,15691380
608,Thanh Hóa,Huyện Như Xuân,26598930,66240,92,442,15374181
618,Thanh Hóa,Huyện Nông Cống,27448370,182801,641,707,15865158
603,Thanh Hóa,Huyện Quan Hóa,27683985,48856,49,407,16001343
604,Thanh Hóa,Huyện Quan Sơn,28064688,40526,44,352,16221389
625,Thanh Hóa,Huyện Quảng Xương,27673114,199943,1148,688,15995060
612,Thanh Hóa,Huyện Thạch Thành,27800008,144343,258,701,16068404
616,Thanh Hóa,Huyện Thiệu Hóa,27211759,160732,1005,567,15728397
614,Thanh Hóa,Huyện Thọ Xuân,27009322,195998,671,751,15611388
607,Thanh Hóa,Huyện Thường Xuân,27426662,89131,81,621,15852611
617,Thanh Hóa,Huyện Triệu Sơn,28053733,202386,698,769,16215057
615,Thanh Hóa,Huyện Vĩnh Lộc,27364434,86362,548,346,15816643
624,Thanh Hóa,Huyện Yên Định,27343658,165830,725,625,15804634
602,Thanh Hóa,Thành phố Sầm Sơn,48301529,109208,2432,332,27918284
600,Thanh Hóa,Thành phố Thanh Hóa,47330758,436833,3403,1268,27357178
601,Thanh Hóa,Thị xã Bỉm Sơn,32651789,69826,1093,242,18872734
623,Thanh Hóa,Thị xã Nghi Sơn,32502711,307304,675,1176,18786567
652,Thừa Thiên Huế,Huyện A Lưới,27321674,56370,46,481,15791928
651,Thừa Thiên Huế,Huyện Nam Đông,26537117,26427,40,238,15338453
645,Thừa Thiên Huế,Huyện Phong Điền,26558384,120000,120,733,15350746
650,Thừa Thiên Huế,Huyện Phú Lộc,27165162,180606,131,1073,15701464
648,Thừa Thiên Huế,Huyện Phú Vang,27231616,148879,633,578,15739874
646,Thừa Thiên Huế,Huyện Quảng Điền,27887793,92750,561,370,16119145
644,Thừa Thiên Huế,Thành phố Huế,49051754,500649,1878,1582,28351914
649,Thừa Thiên Huế,Thị xã Hương Thủy,33036450,95299,223,482,19095068
647,Thừa Thiên Huế,Thị xã Hương Trà,32717108,72677,185,388,18910488
655,Tiền Giang,Huyện Cái Bè,27509270,292738,703,1111,10123411
656,Tiền Giang,Huyện Cai Lậy,27993952,193328,656,745,10301774
657,Tiền Giang,Huyện Châu Thành,27519122,263426,1133,908,10127037
658,Tiền Giang,Huyện Chợ Gạo,27386835,187711,813,691,10078355
659,Tiền Giang,Huyện Gò Công Đông,26638717,139060,509,568,9803048
660,Tiền Giang,Huyện Gò Công Tây,27524396,127132,689,484,10128978
720,Tiền Giang,Huyện Tân Phú Đông,26685882,42078,189,223,9820405
661,Tiền Giang,Huyện Tân Phước,26994447,65331,198,342,9933957
653,Tiền Giang,Thành phố Mỹ Tho,49566757,228109,2772,681,18240566
753,Tiền Giang,Thị xã Cai Lậy,33465606,125615,891,454,12315343
654,Tiền Giang,Thị xã Gò Công,32561267,99657,980,353,11982546
663,Trà Vinh,Huyện Càng Long,26585115,147694,503,604,9783322
664,Trà Vinh,Huyện Cầu Kè,26680466,102767,417,440,9818412
668,Trà Vinh,Huyện Cầu Ngang,27093337,121254,369,535,9970348
666,Trà Vinh,Huyện Châu Thành,27986272,144040,420,616,10298948
669,Trà Vinh,Huyện Duyên Hải,27331771,78444,257,381,10058092
665,Trà Vinh,Huyện Tiểu Cần,27675875,107846,475,447,10184722
667,Trà Vinh,Huyện Trà Cú,27893928,146329,461,611,10264966
662,Trà Vinh,Thành phố Trà Vinh,48566106,112584,1658,363,17872327
759,Trà Vinh,Thị xã Duyên Hải,34051551,48210,275,230,12530971
672,Tuyên Quang,Huyện Chiêm Hóa,27968573,134091,117,826,11047586
673,Tuyên Quang,Huyện Hàm Yên,27045382,121342,135,714,10682926
744,Tuyên Quang,Huyện Lâm Bình,27957016,51421,56,409,11043021
671,Tuyên Quang,Huyện Na Hang,27909029,43248,50,358,11024067
675,Tuyên Quang,Huyện Sơn Dương,27883521,183600,233,917,11013991
674,Tuyên Quang,Huyện Yên Sơn,26886502,145390,136,854,10620168
670,Tuyên Quang,Thành phố Tuyên Quang,49767178,191118,1036,670,19658035
739,Vĩnh Long,Huyện Bình Tân,26526354,95709,605,375,9761698
36,Vĩnh Long,Huyện Long Hồ,27678396,167698,854,611,10185650
37,Vĩnh Long,Huyện Mang Thít,27407495,96172,592,379,10085958
40,Vĩnh Long,Huyện Tam Bình,27234300,151520,521,615,10022222
39,Vĩnh Long,Huyện Trà Ôn,27335087,129589,485,535,10059312
41,Vĩnh Long,Huyện Vũng Liêm,26830283,149371,482,617,9873544
35,Vĩnh Long,Thành phố Vĩnh Long,48518604,137870,2884,409,17854846
38,Vĩnh Long,Thị xã Bình Minh,33546151,95639,1021,336,12344984
690,Vĩnh Phúc,Huyện Bình Xuyên,26517364,131013,882,474,10474359
687,Vĩnh Phúc,Huyện Lập Thạch,27951345,136150,791,504,11040781
735,Vĩnh Phúc,Huyện Sông Lô,26677796,98738,659,380,10537730
693,Vĩnh Phúc,Huyện Tam Đảo,27691386,83931,358,373,10938098
686,Vĩnh Phúc,Huyện Tam Dương,27683840,114391,1056,400,10935117
688,Vĩnh Phúc,Huyện Vĩnh Tường,27127037,205345,1426,679,10715180
689,Vĩnh Phúc,Huyện Yên Lạc,27793364,156456,1453,516,10978379
692,Vĩnh Phúc,Thành phố Phúc Yên,47726751,106002,883,383,18852067
685,Vĩnh Phúc,Thành phố Vĩnh Yên,48074318,124455,2469,377,18989355
684,Yên Bái,Huyện Lục Yên,27971768,108817,134,642,11048848
680,Yên Bái,Huyện Mù Căng Chải,26775997,63961,53,518,10576519
683,Yên Bái,Huyện Trạm Tấu,26959615,33962,46,290,10649048
682,Yên Bái,Huyện Trấn Yên,27461220,84675,135,499,10847182
681,Yên Bái,Huyện Văn Chấn,26519848,116804,103,751,10475340
678,Yên Bái,Huyện Văn Yên,28047128,129679,93,862,11078616
679,Yên Bái,Huyện Yên Bình,26742257,112046,145,645,10563192
676,Yên Bái,Thành phố Yên Bái,48372748,100631,942,359,19107236
677,Yên Bái,Thị xã Nghĩa Lộ,34198065,68206,633,265,13508236
